id;name;expansion;rarity
1;Skyshroud Claim;Battlebond;Common
2;Impulse;Battlebond;Common
3;Zndrsplt, Eye of Wisdom;Battlebond;Rare
4;Chain Lightning;Battlebond;Uncommon
5;Stolen Strategy;Battlebond;Rare
6;Azra Oddsmaker;Battlebond;Uncommon
7;Peregrine Drake;Battlebond;Uncommon
8;Warrior Token (White 1/1);Battlebond;Token
9;Fertile Ground;Battlebond;Common
10;Okaun, Eye of Chaos;Battlebond;Rare
11;Spellseeker;Battlebond;Rare
12;Toothy, Imaginary Friend;Battlebond;Rare
13;Mindblade Render;Battlebond;Rare
14;Sylvia Brightspear;Battlebond;Rare
15;Bonus Round;Battlebond;Rare
16;Spell Snare;Battlebond;Uncommon
17;Generous Patron;Battlebond;Rare
18;Pir, Imaginative Rascal;Battlebond;Rare
19;Virtus's Maneuver;Battlebond;Rare
20;Spire Garden;Battlebond;Rare
21;War's Toll;Battlebond;Rare
22;Swords to Plowshares;Battlebond;Uncommon
23;Angelic Chorus;Battlebond;Rare
24;Diabolic Intent;Battlebond;Rare
25;Luxury Suite;Battlebond;Rare
26;Pir's Whim;Battlebond;Rare
27;Last One Standing;Battlebond;Rare
28;Plains;Battlebond;Land
29;Sower of Temptation;Battlebond;Rare
30;Kor Spiritdancer;Battlebond;Rare
31;Sea of Clouds;Battlebond;Rare
32;Bountiful Promenade;Battlebond;Rare
33;Vigor;Battlebond;Rare
34;Krav, the Unredeemed;Battlebond;Rare
35;Mind's Eye;Battlebond;Rare
36;Thrilling Encore;Battlebond;Rare
37;Swamp;Battlebond;Land
38;Tidespout Tyrant;Battlebond;Rare
39;Regna, the Redeemer;Battlebond;Rare
40;Sentinel Tower;Battlebond;Rare
41;Play of the Game;Battlebond;Rare
42;Seedborn Muse;Battlebond;Rare
43;Magus of the Candelabra;Battlebond;Rare
44;Expedite;Battlebond;Common
45;Arena Rector;Battlebond;Mythic
46;Virtus the Veiled;Battlebond;Rare
47;Game Plan;Battlebond;Rare
48;Genesis Chamber;Battlebond;Uncommon
49;Khorvath Brightflame;Battlebond;Rare
50;Khorvath's Fury;Battlebond;Rare
51;Morphic Pool;Battlebond;Rare
52;Fumble;Battlebond;Uncommon
53;Nirkana Revenant;Battlebond;Mythic
54;Negate;Battlebond;Common
55;Rushblade Commander;Battlebond;Uncommon
56;Stunning Reversal;Battlebond;Mythic
57;Ley Weaver;Battlebond;Uncommon
58;Savage Ventmaw;Battlebond;Uncommon
59;Najeela, the Blade-Blossom;Battlebond;Mythic
60;Zndrsplt's Judgment;Battlebond;Rare
61;Mountain;Battlebond;Land
62;Archfiend of Despair;Battlebond;Mythic
63;Grothama, All-Devouring;Battlebond;Mythic
64;Nyxathid;Battlebond;Rare
65;Apocalypse Hydra;Battlebond;Rare
66;Bramble Sovereign;Battlebond;Mythic
67;Beast Within;Battlebond;Uncommon
68;Noosegraf Mob;Battlebond;Rare
69;Doubling Season;Battlebond;Mythic
70;Mycosynth Lattice;Battlebond;Mythic
71;Regna's Sanction;Battlebond;Rare
72;Fog Bank;Battlebond;Uncommon
73;Evil Twin;Battlebond;Rare
74;Island;Battlebond;Land
75;Mystic Confluence;Battlebond;Rare
76;Gwafa Hazid, Profiteer;Battlebond;Rare
77;Gorm the Great;Battlebond;Rare
78;Magmatic Force;Battlebond;Rare
79;Culling Dais;Battlebond;Uncommon
80;Thrasher Brute;Battlebond;Uncommon
81;Dragon Breath;Battlebond;Uncommon
82;Dragon Hatchling;Battlebond;Common
83;Forest;Battlebond;Land
84;Unflinching Courage;Battlebond;Uncommon
85;Will Kenrith (V.1);Battlebond;Mythic
86;Archon of Valor's Reach;Battlebond;Rare
87;Together Forever;Battlebond;Rare
88;Inner Demon;Battlebond;Uncommon
89;Chakram Retriever;Battlebond;Uncommon
90;Rowan Kenrith (V.1);Battlebond;Mythic
91;Veteran Explorer;Battlebond;Uncommon
92;Land Tax;Battlebond;Mythic
93;Enduring Scalelord;Battlebond;Uncommon
94;Doomed Traveler;Battlebond;Common
95;True-Name Nemesis;Battlebond;Mythic
96;Decorated Champion;Battlebond;Uncommon
97;Midnight Guard;Battlebond;Common
98;Pulse of Murasa;Battlebond;Uncommon
99;Victory Chimes;Battlebond;Rare
100;Brightling;Battlebond;Mythic
101;Battle Mastery;Battlebond;Uncommon
102;Quest for the Gravelord;Battlebond;Uncommon
103;Blaze;Battlebond;Uncommon
104;Elvish Visionary;Battlebond;Common
105;Greater Good;Battlebond;Rare
106;Tenacious Dead;Battlebond;Uncommon
107;Out of Bounds;Battlebond;Uncommon
108;Morbid Curiosity;Battlebond;Uncommon
109;Goblin Razerunners;Battlebond;Rare
110;Feral Hydra;Battlebond;Uncommon
111;Soaring Show-Off;Battlebond;Common
112;Oreskos Explorer;Battlebond;Uncommon
113;Shock;Battlebond;Common
114;Dinrova Horror;Battlebond;Uncommon
115;Beast Token (Green 3/3);Battlebond;Token
116;Blaring Captain;Battlebond;Uncommon
117;Arcane Artisan;Battlebond;Mythic
118;Long Road Home;Battlebond;Uncommon
119;Myr Token (Artifact 1/1);Battlebond;Token
120;Doomed Dissenter;Battlebond;Common
121;Gang Up;Battlebond;Uncommon
122;Blaring Recruiter;Battlebond;Uncommon
123;Giant Growth;Battlebond;Common
124;Cheering Fanatic;Battlebond;Uncommon
125;Assassinate;Battlebond;Common
126;Eyeblight Assassin;Battlebond;Common
127;Grotesque Mutation;Battlebond;Common
128;Slum Reaper;Battlebond;Uncommon
129;Rowan Kenrith Emblem;Battlebond;Token
130;Will Kenrith Emblem;Battlebond;Token
131;Daggerdrome Imp;Battlebond;Common
132;Mangara of Corondor;Battlebond;Rare
133;Frost Lynx;Battlebond;Common
134;Switcheroo;Battlebond;Uncommon
135;Fertilid;Battlebond;Uncommon
136;Wandering Wolf;Battlebond;Common
137;Peace Strider;Battlebond;Common
138;Zombie Token (Black 2/2);Battlebond;Token
139;Lore Weaver;Battlebond;Uncommon
140;Bloodborn Scoundrels;Battlebond;Common
141;Angel of Retribution;Battlebond;Uncommon
142;Loyal Pegasus;Battlebond;Uncommon
143;Karametra's Favor;Battlebond;Uncommon
144;Plated Crusher;Battlebond;Uncommon
145;Primal Huntbeast;Battlebond;Common
146;Spectral Searchlight;Battlebond;Uncommon
147;Lava-Field Overlord;Battlebond;Uncommon
148;Steppe Glider;Battlebond;Uncommon
149;Last Gasp;Battlebond;Common
150;Swarm of Bloodflies;Battlebond;Uncommon
151;Tavern Swindler;Battlebond;Uncommon
152;Flamewave Invoker;Battlebond;Uncommon
153;Consulate Skygate;Battlebond;Common
154;Huddle Up;Battlebond;Common
155;Stadium Vendors;Battlebond;Common
156;Tandem Tactics;Battlebond;Common
157;Vampire Charmseeker;Battlebond;Uncommon
158;Angelic Gift;Battlebond;Common
159;Solemn Offering;Battlebond;Uncommon
160;Benthic Giant;Battlebond;Common
161;Call to Heel;Battlebond;Common
162;Opportunity;Battlebond;Uncommon
163;Hunted Wumpus;Battlebond;Uncommon
164;Pierce Strider;Battlebond;Common
165;Seer's Lantern;Battlebond;Common
166;Yotian Soldier;Battlebond;Common
167;The Crowd Goes Wild;Battlebond;Uncommon
168;Chakram Slinger;Battlebond;Uncommon
169;Aurora Champion;Battlebond;Common
170;Bull-Rush Bruiser;Battlebond;Common
171;Pacifism;Battlebond;Common
172;Silverchase Fox;Battlebond;Common
173;Lightning Talons;Battlebond;Common
174;Daggerback Basilisk;Battlebond;Common
175;Spirit Token (White 1/1);Battlebond;Token
176;Zombie Giant Token (Black 5/5);Battlebond;Token
177;Jungle Wayfinder;Battlebond;Common
178;Combo Attack;Battlebond;Common
179;Champion of Arashin;Battlebond;Common
180;Phantom Warrior;Battlebond;Uncommon
181;Totally Lost;Battlebond;Common
182;Rotfeaster Maggot;Battlebond;Common
183;Enthralling Victor;Battlebond;Uncommon
184;Kraul Warrior;Battlebond;Common
185;Juggernaut;Battlebond;Uncommon
186;Auger Spree;Battlebond;Common
187;Boldwyr Intimidator;Battlebond;Uncommon
188;Sickle Dancer;Battlebond;Common
189;Take Up Arms;Battlebond;Uncommon
190;Coralhelm Guide;Battlebond;Common
191;Omenspeaker;Battlebond;Common
192;Assassin's Strike;Battlebond;Uncommon
193;Hand of Silumgar;Battlebond;Common
194;Noxious Dragon;Battlebond;Uncommon
195;Screeching Buzzard;Battlebond;Common
196;Battle Rampart;Battlebond;Common
197;Blood Feud;Battlebond;Uncommon
198;Reckless Reveler;Battlebond;Common
199;Thunder Strike;Battlebond;Common
200;Aim High;Battlebond;Uncommon
201;Jelenn Sphinx;Battlebond;Uncommon
202;Relentless Hunter;Battlebond;Uncommon
203;Millennial Gargoyle;Battlebond;Common
204;Tyrant's Machine;Battlebond;Common
205;Eager Construct;Battlebond;Common
206;Soulblade Corrupter;Battlebond;Uncommon
207;Soulblade Renewer;Battlebond;Uncommon
208;Impetuous Protege;Battlebond;Uncommon
209;Proud Mentor;Battlebond;Uncommon
210;Shoulder to Shoulder;Battlebond;Common
211;Kraken Hatchling;Battlebond;Common
212;Saltwater Stalwart;Battlebond;Common
213;Jubilant Mascot;Battlebond;Uncommon
214;Saddleback Lagac;Battlebond;Common
215;Bring Down;Battlebond;Uncommon
216;Nimbus Champion;Battlebond;Uncommon
217;Azra Bladeseeker;Battlebond;Common
218;Raptor Companion;Battlebond;Common
219;Royal Trooper;Battlebond;Common
220;Kitesail Corsair;Battlebond;Common
221;Nimbus of the Isles;Battlebond;Common
222;Oracle's Insight;Battlebond;Uncommon
223;Reckless Scholar;Battlebond;Uncommon
224;Painful Lesson;Battlebond;Common
225;Bathe in Dragonfire;Battlebond;Common
226;Earth Elemental;Battlebond;Common
227;Wrap in Flames;Battlebond;Common
228;Kiss of the Amesha;Battlebond;Uncommon
229;Riptide Crab;Battlebond;Common
230;Urborg Drake;Battlebond;Common
231;Gold-Forged Sentinel;Battlebond;Uncommon
232;Stone Golem;Battlebond;Common
233;Fan Favorite;Battlebond;Common
234;Centaur Healer;Battlebond;Common
235;Charging Binox;Battlebond;Common
236;Expedition Raptor;Battlebond;Common
237;Dwarven Lightsmith;Battlebond;Common
238;Skystreamer;Battlebond;Common
239;Spellweaver Duo;Battlebond;Common
240;Magma Hellion;Battlebond;Common
241;Lightwalker;Battlebond;Common
242;Rebuke;Battlebond;Common
243;Sparring Mummy;Battlebond;Common
244;Claustrophobia;Battlebond;Common
245;Watercourser;Battlebond;Common
246;Fill with Fright;Battlebond;Common
247;Liturgy of Blood;Battlebond;Common
248;Prakhata Club Security;Battlebond;Common
249;Shambling Ghoul;Battlebond;Common
250;Battle-Rattle Shaman;Battlebond;Uncommon
251;Borderland Marauder;Battlebond;Common
252;Ember Beast;Battlebond;Common
253;Pathmaker Initiate;Battlebond;Common
254;Trumpet Blast;Battlebond;Uncommon
255;Canopy Spider;Battlebond;Common
256;Charging Rhino;Battlebond;Common
257;Cowl Prowler;Battlebond;Common
258;Lead by Example;Battlebond;Common
259;Return to the Earth;Battlebond;Common
260;Rhox Brute;Battlebond;Common
261;Hexplate Golem;Battlebond;Common
262;Night Market Guard;Battlebond;Common
263;Will Kenrith (V.2);Battlebond;Mythic
264;Rowan Kenrith (V.2);Battlebond;Mythic
